output.mp3,5,1970-01-01 00:00:00
test_3s.mp3,3,1970-01-01 00:00:00
test-typecast-0813.mp3,30.9,2024-08-14 15:06:39
test-typecast-0813-2.mp3,29.04,2024-08-14 15:16:13
test-typecast-0811.mp3,22.52,2024-08-14 15:48:13
audio_files/20240827_120723_workout_content_test.mp3,40.0,2024-08-27 12:09:22
audio_files/20240827_120949_workout_content_test.mp3,40.0,2024-08-27 12:09:52
audio_files/20240827_134504_output.mp3,5.0,2024-08-27 13:45:05
audio_files/20240827_152023_output.mp3,5.0,2024-08-27 15:20:25
audio_files/20240827_152535_output.mp3,5.0,2024-08-27 15:25:37
